,Group,Area,exploration,communication,feedback,extracurriculars,help_others,confidence,adv_courses,Colab,Exp,Resouce,hours,class
0,No,Data Analysis,No,Enjoy Communicating,Verbal,7,1,2,No,Independent,1,Peer Discussion,2,Beginner
1,No,Computer Vision,Yes,Enjoy Communicating,Verbal,1,1,2,No,Neutral,2,TextBook,1,Beginner
2,No,NLP,No,Enjoy Communicating,Verbal,5,2,3,No,Highly Collaborating,1,Peer Discussion,2,Beginner
3,Yes,Data Analysis,Yes,Neutral,Written,5,2,1,No,Highly Collaborating,1,Study Group,2,Beginner
4,Yes,NLP,Yes,Enjoy Communicating,Verbal,8,2,2,No,Neutral,1,TextBook,2,Beginner
5,No,Data Analysis,No,Neutral,Written,2,2,1,No,Neutral,2,TextBook,1,Beginner
6,Yes,NLP,No,Enjoy Communicating,Verbal,4,1,1,No,Highly Collaborating,1,Online,2,Beginner
7,No,NLP,Yes,Enjoy Communicating,Written,6,2,2,No,Independent,2,Online,1,Beginner
8,No,NLP,Yes,Dislike,Verbal,7,2,1,No,Independent,2,Peer Discussion,2,Beginner
9,No,NLP,No,Dislike,Written,4,1,2,No,Highly Collaborating,2,Peer Discussion,1,Beginner
10,Yes,Deep Learning,No,Enjoy Communicating,Written,3,2,3,No,Highly Collaborating,2,Study Group,1,Beginner
11,Yes,NLP,Yes,Dislike,Written,2,1,1,No,Neutral,1,Online,1,Beginner
12,Yes,Data Analysis,Yes,Dislike,Written,3,1,1,No,Independent,1,Peer Discussion,2,Beginner
13,No,Computer Vision,Yes,Neutral,Written,10,1,3,No,Highly Collaborating,1,Online,1,Beginner
14,Yes,Deep Learning,Yes,Dislike,Written,4,2,3,No,Neutral,1,Online,2,Beginner
15,Yes,Data Analysis,Yes,Neutral,Verbal,4,2,2,No,Independent,2,Online,1,Beginner
16,Yes,Deep Learning,No,Neutral,Verbal,3,2,3,No,Independent,1,Online,1,Beginner
17,No,Computer Vision,Yes,Neutral,Written,4,1,2,No,Neutral,1,Study Group,2,Beginner
18,Yes,NLP,Yes,Enjoy Communicating,Verbal,7,1,3,No,Neutral,2,Online,1,Beginner
19,No,Deep Learning,Yes,Neutral,Verbal,1,2,1,No,Neutral,2,Study Group,1,Beginner
20,Yes,Computer Vision,No,Enjoy Communicating,Verbal,8,2,1,No,Independent,2,Study Group,1,Beginner
21,Yes,NLP,No,Enjoy Communicating,Written,4,2,1,No,Highly Collaborating,1,TextBook,1,Beginner
22,No,Deep Learning,Yes,Enjoy Communicating,Written,8,2,3,No,Highly Collaborating,2,Study Group,2,Beginner
23,Yes,Deep Learning,Yes,Dislike,Written,3,1,1,No,Highly Collaborating,1,TextBook,2,Beginner
24,Yes,NLP,Yes,Dislike,Written,5,1,2,No,Highly Collaborating,1,Online,1,Beginner
25,Yes,Deep Learning,Yes,Enjoy Communicating,Written,9,2,1,No,Highly Collaborating,1,Study Group,1,Beginner
26,No,Data Analysis,Yes,Neutral,Verbal,7,2,1,No,Neutral,1,TextBook,2,Beginner
27,Yes,Deep Learning,Yes,Neutral,Verbal,6,2,1,No,Highly Collaborating,1,Study Group,2,Beginner
28,Yes,Deep Learning,Yes,Dislike,Verbal,4,1,3,No,Neutral,1,Peer Discussion,1,Beginner
29,No,Computer Vision,No,Dislike,Verbal,10,1,2,No,Highly Collaborating,2,Peer Discussion,2,Beginner
30,Yes,Deep Learning,Yes,Neutral,Verbal,7,1,2,No,Neutral,2,Study Group,2,Beginner
31,Yes,NLP,No,Dislike,Written,6,1,2,No,Neutral,2,TextBook,2,Beginner
32,Yes,Data Analysis,Yes,Dislike,Verbal,2,1,2,No,Independent,1,TextBook,1,Beginner
33,No,Computer Vision,Yes,Dislike,Verbal,1,1,3,No,Highly Collaborating,2,Online,2,Beginner
34,No,NLP,Yes,Dislike,Verbal,7,2,1,No,Highly Collaborating,2,Study Group,1,Beginner
35,Yes,Deep Learning,Yes,Dislike,Written,8,1,2,No,Neutral,2,Peer Discussion,2,Beginner
36,Yes,Data Analysis,Yes,Enjoy Communicating,Verbal,5,1,1,No,Neutral,2,Peer Discussion,2,Beginner
37,Yes,NLP,Yes,Enjoy Communicating,Written,1,1,2,No,Neutral,2,Peer Discussion,1,Beginner
38,Yes,Deep Learning,Yes,Enjoy Communicating,Verbal,5,1,3,No,Independent,1,Peer Discussion,1,Beginner
39,No,NLP,Yes,Dislike,Written,1,2,3,No,Independent,2,Peer Discussion,2,Beginner
40,Yes,Computer Vision,Yes,Neutral,Written,5,2,2,No,Independent,1,Peer Discussion,2,Beginner
41,Yes,NLP,No,Dislike,Written,3,1,2,No,Highly Collaborating,2,TextBook,1,Beginner
42,Yes,Computer Vision,Yes,Dislike,Verbal,6,1,1,No,Neutral,1,Study Group,1,Beginner
43,No,Data Analysis,Yes,Neutral,Written,3,2,3,No,Independent,1,Online,2,Beginner
44,Yes,Deep Learning,Yes,Enjoy Communicating,Verbal,9,1,2,No,Highly Collaborating,2,TextBook,2,Beginner
45,No,Data Analysis,No,Neutral,Written,6,2,1,No,Neutral,2,Online,2,Beginner
46,No,NLP,Yes,Dislike,Written,1,2,1,No,Neutral,2,TextBook,1,Beginner
47,No,Deep Learning,No,Dislike,Verbal,1,2,1,No,Independent,2,Peer Discussion,2,Beginner
48,Yes,Computer Vision,No,Enjoy Communicating,Written,10,1,3,No,Neutral,2,Study Group,1,Beginner
49,Yes,Data Analysis,Yes,Neutral,Verbal,1,2,3,No,Neutral,1,Online,1,Beginner
50,No,NLP,Yes,Neutral,Written,1,2,3,No,Neutral,1,Online,1,Beginner
51,Yes,Data Analysis,No,Neutral,Verbal,2,1,2,No,Highly Collaborating,2,TextBook,2,Beginner
52,Yes,Deep Learning,No,Neutral,Written,10,1,3,No,Independent,1,Peer Discussion,2,Beginner
53,Yes,Data Analysis,No,Dislike,Written,1,1,1,No,Independent,1,Study Group,2,Beginner
54,Yes,NLP,No,Dislike,Verbal,8,2,2,No,Highly Collaborating,1,Peer Discussion,1,Beginner
55,Yes,Data Analysis,No,Neutral,Written,3,1,2,No,Highly Collaborating,1,Peer Discussion,1,Beginner
56,No,Computer Vision,No,Enjoy Communicating,Written,2,2,2,No,Neutral,2,Peer Discussion,2,Beginner
57,Yes,Deep Learning,No,Enjoy Communicating,Written,6,1,2,No,Highly Collaborating,2,Online,1,Beginner
58,Yes,Computer Vision,Yes,Enjoy Communicating,Verbal,5,1,1,No,Highly Collaborating,1,Study Group,1,Beginner
59,Yes,Computer Vision,No,Enjoy Communicating,Written,9,2,3,No,Neutral,1,TextBook,1,Beginner
60,Yes,Computer Vision,Yes,Neutral,Written,1,1,2,No,Independent,2,Online,2,Beginner
61,No,Computer Vision,No,Neutral,Written,10,1,2,No,Independent,1,TextBook,1,Beginner
62,Yes,Deep Learning,Yes,Dislike,Verbal,8,2,2,No,Neutral,1,Online,1,Beginner
63,No,Data Analysis,No,Dislike,Written,8,1,3,No,Independent,2,TextBook,2,Beginner
64,No,Deep Learning,Yes,Enjoy Communicating,Written,10,1,1,No,Independent,1,Study Group,2,Beginner
65,No,Computer Vision,Yes,Dislike,Written,2,2,1,No,Highly Collaborating,1,Peer Discussion,1,Beginner
66,Yes,Deep Learning,Yes,Neutral,Verbal,7,2,2,No,Independent,1,Peer Discussion,1,Beginner
67,Yes,Deep Learning,No,Dislike,Written,4,1,3,No,Highly Collaborating,2,TextBook,2,Beginner
68,Yes,Data Analysis,Yes,Enjoy Communicating,Verbal,3,2,1,No,Independent,2,Study Group,2,Beginner
69,No,Deep Learning,Yes,Dislike,Verbal,8,1,2,No,Neutral,2,TextBook,1,Beginner
70,Yes,NLP,No,Enjoy Communicating,Verbal,4,2,1,No,Highly Collaborating,1,Peer Discussion,2,Beginner
71,No,NLP,No,Enjoy Communicating,Written,8,2,1,No,Independent,1,Online,2,Beginner
72,No,Deep Learning,Yes,Neutral,Written,7,2,3,No,Highly Collaborating,2,TextBook,1,Beginner
73,No,Deep Learning,Yes,Enjoy Communicating,Written,1,2,1,No,Neutral,2,TextBook,1,Beginner
74,Yes,NLP,No,Neutral,Written,10,1,2,No,Independent,2,Peer Discussion,2,Beginner
75,Yes,NLP,No,Dislike,Written,4,1,2,No,Highly Collaborating,1,Study Group,1,Beginner
76,No,NLP,No,Dislike,Written,3,2,1,No,Neutral,2,TextBook,2,Beginner
77,Yes,Computer Vision,Yes,Neutral,Written,4,2,2,No,Independent,2,Online,1,Beginner
78,No,Deep Learning,No,Enjoy Communicating,Written,1,1,3,No,Highly Collaborating,2,Peer Discussion,2,Beginner
79,Yes,Deep Learning,Yes,Enjoy Communicating,Verbal,9,1,3,No,Neutral,1,Study Group,1,Beginner
80,Yes,Deep Learning,No,Neutral,Verbal,10,2,2,No,Neutral,1,Peer Discussion,2,Beginner
81,Yes,Deep Learning,No,Enjoy Communicating,Written,6,1,2,No,Neutral,1,Study Group,2,Beginner
82,No,NLP,Yes,Dislike,Written,1,2,2,No,Independent,2,Peer Discussion,1,Beginner
83,No,Deep Learning,No,Dislike,Verbal,7,1,2,No,Highly Collaborating,1,TextBook,1,Beginner
84,No,Data Analysis,Yes,Enjoy Communicating,Verbal,8,1,3,No,Independent,2,Study Group,2,Beginner
85,No,Computer Vision,Yes,Neutral,Verbal,3,2,2,No,Highly Collaborating,1,Peer Discussion,2,Beginner
86,No,Data Analysis,Yes,Neutral,Verbal,6,2,1,No,Independent,2,Peer Discussion,1,Beginner
87,Yes,Deep Learning,No,Enjoy Communicating,Verbal,3,1,3,No,Independent,2,Online,2,Beginner
88,No,Deep Learning,Yes,Dislike,Verbal,5,1,3,No,Independent,2,Online,1,Beginner
89,No,NLP,No,Enjoy Communicating,Verbal,5,2,2,No,Independent,1,Peer Discussion,2,Beginner
90,No,Data Analysis,Yes,Dislike,Verbal,3,1,1,No,Neutral,2,TextBook,1,Beginner
91,No,NLP,No,Dislike,Written,10,2,2,No,Neutral,1,Study Group,1,Beginner
92,Yes,Deep Learning,No,Dislike,Written,7,1,2,No,Independent,1,Peer Discussion,1,Beginner
93,No,Computer Vision,No,Enjoy Communicating,Verbal,3,1,2,No,Neutral,1,Online,1,Beginner
94,No,Deep Learning,Yes,Dislike,Verbal,2,1,1,No,Highly Collaborating,1,Online,2,Beginner
95,No,NLP,Yes,Neutral,Written,7,2,3,No,Independent,1,TextBook,2,Beginner
96,No,NLP,Yes,Enjoy Communicating,Written,10,1,3,No,Independent,1,TextBook,2,Beginner
97,No,Deep Learning,Yes,Enjoy Communicating,Verbal,2,1,2,No,Neutral,2,TextBook,1,Beginner
98,Yes,NLP,Yes,Neutral,Written,7,1,1,No,Highly Collaborating,1,TextBook,2,Beginner
99,No,NLP,No,Neutral,Written,7,2,3,No,Independent,2,Online,1,Beginner
100,Yes,Data Analysis,No,Enjoy Communicating,Written,4,2,2,No,Neutral,1,TextBook,2,Beginner
101,Yes,NLP,No,Enjoy Communicating,Verbal,7,1,3,No,Independent,2,Peer Discussion,2,Beginner
102,Yes,Computer Vision,No,Neutral,Written,5,1,3,No,Highly Collaborating,1,Study Group,2,Beginner
103,No,NLP,Yes,Dislike,Written,4,2,1,No,Independent,1,Study Group,1,Beginner
104,No,Data Analysis,Yes,Neutral,Written,3,2,1,No,Highly Collaborating,1,Online,2,Beginner
105,No,Data Analysis,No,Neutral,Written,7,1,1,No,Independent,1,Peer Discussion,1,Beginner
106,Yes,NLP,Yes,Neutral,Verbal,1,2,1,No,Highly Collaborating,1,Peer Discussion,1,Beginner
107,No,Computer Vision,No,Neutral,Written,7,1,2,No,Independent,2,TextBook,2,Beginner
108,Yes,Computer Vision,No,Neutral,Verbal,4,1,1,No,Neutral,1,Peer Discussion,2,Beginner
109,Yes,NLP,Yes,Dislike,Verbal,1,1,2,No,Independent,2,TextBook,2,Beginner
110,No,NLP,No,Dislike,Verbal,5,1,3,No,Highly Collaborating,1,Online,2,Beginner
111,Yes,Data Analysis,Yes,Neutral,Written,5,2,2,No,Neutral,1,Online,1,Beginner
112,No,Deep Learning,Yes,Neutral,Written,8,1,3,No,Independent,2,Online,1,Beginner
113,Yes,Deep Learning,No,Enjoy Communicating,Verbal,6,1,3,No,Independent,2,Study Group,1,Beginner
114,Yes,Data Analysis,Yes,Enjoy Communicating,Verbal,9,1,3,No,Neutral,1,TextBook,1,Beginner
115,No,Computer Vision,No,Dislike,Verbal,8,2,1,No,Independent,2,Study Group,1,Beginner
116,Yes,NLP,No,Neutral,Verbal,1,1,1,No,Highly Collaborating,2,TextBook,1,Beginner
117,Yes,NLP,Yes,Dislike,Written,10,2,3,No,Neutral,1,Peer Discussion,1,Beginner
118,No,Data Analysis,No,Neutral,Written,9,1,3,No,Independent,1,Online,2,Beginner
119,Yes,Data Analysis,Yes,Dislike,Written,6,1,3,No,Neutral,2,TextBook,1,Beginner
120,No,Computer Vision,Yes,Enjoy Communicating,Verbal,6,1,2,No,Independent,2,Peer Discussion,1,Beginner
121,No,NLP,No,Enjoy Communicating,Verbal,5,1,2,No,Neutral,1,Online,1,Beginner
122,No,Deep Learning,No,Dislike,Verbal,6,2,3,No,Neutral,2,Study Group,1,Beginner
123,Yes,Computer Vision,Yes,Enjoy Communicating,Verbal,7,2,3,No,Neutral,1,TextBook,1,Beginner
124,Yes,Data Analysis,Yes,Dislike,Written,2,1,2,No,Highly Collaborating,1,Online,2,Beginner
125,Yes,Deep Learning,Yes,Dislike,Verbal,2,2,2,No,Neutral,2,TextBook,2,Beginner
126,No,NLP,Yes,Neutral,Verbal,7,1,3,No,Independent,1,Study Group,2,Beginner
127,Yes,Computer Vision,Yes,Enjoy Communicating,Verbal,8,1,2,No,Independent,2,Online,2,Beginner
128,Yes,Deep Learning,No,Dislike,Written,3,1,1,No,Neutral,1,Study Group,1,Beginner
129,No,Deep Learning,Yes,Neutral,Written,8,2,3,No,Highly Collaborating,2,Online,1,Beginner
130,Yes,NLP,No,Dislike,Verbal,3,2,2,No,Highly Collaborating,2,TextBook,1,Beginner
131,Yes,Computer Vision,Yes,Neutral,Verbal,9,2,3,No,Independent,2,Peer Discussion,2,Beginner
132,Yes,NLP,Yes,Enjoy Communicating,Written,3,1,2,No,Neutral,1,Online,2,Beginner
133,Yes,NLP,Yes,Enjoy Communicating,Verbal,8,1,1,No,Independent,1,Peer Discussion,2,Beginner
134,No,Data Analysis,No,Enjoy Communicating,Written,7,2,1,No,Highly Collaborating,1,TextBook,1,Beginner
135,Yes,Computer Vision,No,Dislike,Verbal,5,1,2,No,Independent,2,Peer Discussion,2,Beginner
136,No,Data Analysis,No,Dislike,Written,4,1,2,No,Independent,1,Peer Discussion,1,Beginner
137,No,NLP,Yes,Neutral,Written,10,1,1,No,Neutral,1,TextBook,2,Beginner
138,Yes,Computer Vision,Yes,Enjoy Communicating,Written,7,2,1,No,Neutral,2,Online,1,Beginner
139,No,Computer Vision,No,Dislike,Verbal,10,2,2,No,Independent,2,Study Group,1,Beginner
140,Yes,NLP,No,Neutral,Written,4,2,2,No,Independent,1,Peer Discussion,1,Beginner
141,Yes,NLP,Yes,Dislike,Written,4,2,3,No,Independent,2,TextBook,1,Beginner
142,No,Computer Vision,Yes,Neutral,Written,3,1,1,No,Neutral,2,Study Group,2,Beginner
143,Yes,Data Analysis,Yes,Dislike,Verbal,1,2,1,No,Independent,1,Online,1,Beginner
144,Yes,Computer Vision,Yes,Dislike,Verbal,1,2,1,No,Independent,2,Peer Discussion,2,Beginner
145,No,Deep Learning,No,Enjoy Communicating,Verbal,1,1,3,No,Highly Collaborating,2,TextBook,2,Beginner
146,No,Deep Learning,Yes,Neutral,Written,3,2,2,No,Highly Collaborating,2,Study Group,1,Beginner
147,No,Deep Learning,Yes,Enjoy Communicating,Verbal,4,1,1,No,Highly Collaborating,1,Study Group,1,Beginner
148,Yes,Data Analysis,Yes,Enjoy Communicating,Written,4,2,2,No,Independent,2,Online,2,Beginner
149,No,NLP,No,Enjoy Communicating,Verbal,4,1,2,No,Highly Collaborating,1,TextBook,2,Beginner
150,Yes,Computer Vision,No,Neutral,Written,5,2,3,No,Independent,2,TextBook,1,Beginner
151,No,Deep Learning,No,Dislike,Written,1,2,1,No,Independent,2,Study Group,1,Beginner
152,No,Deep Learning,Yes,Enjoy Communicating,Verbal,3,1,3,No,Highly Collaborating,2,Online,1,Beginner
153,Yes,NLP,No,Dislike,Verbal,8,2,3,No,Independent,1,Study Group,1,Beginner
154,No,Deep Learning,Yes,Neutral,Verbal,10,1,2,No,Independent,1,Peer Discussion,1,Beginner
155,No,Deep Learning,No,Enjoy Communicating,Written,3,1,2,No,Neutral,1,Peer Discussion,1,Beginner
156,Yes,Deep Learning,Yes,Enjoy Communicating,Written,10,1,1,No,Independent,2,TextBook,2,Beginner
157,No,Data Analysis,No,Enjoy Communicating,Written,3,1,1,No,Neutral,2,Peer Discussion,2,Beginner
158,No,Data Analysis,Yes,Dislike,Written,10,2,1,No,Highly Collaborating,1,TextBook,2,Beginner
159,Yes,Deep Learning,Yes,Dislike,Written,3,1,3,No,Highly Collaborating,2,TextBook,1,Beginner
160,Yes,Computer Vision,No,Enjoy Communicating,Written,4,1,2,No,Highly Collaborating,2,Peer Discussion,1,Beginner
161,Yes,Deep Learning,No,Dislike,Written,8,2,2,No,Neutral,2,Peer Discussion,2,Beginner
162,Yes,NLP,Yes,Enjoy Communicating,Verbal,1,1,2,No,Neutral,1,TextBook,1,Beginner
163,Yes,Deep Learning,No,Neutral,Written,3,2,2,No,Highly Collaborating,2,Online,2,Beginner
164,No,Deep Learning,No,Dislike,Verbal,1,1,2,No,Highly Collaborating,1,TextBook,2,Beginner
165,No,Deep Learning,Yes,Dislike,Written,9,2,2,No,Independent,2,Peer Discussion,1,Beginner
166,No,Data Analysis,Yes,Neutral,Verbal,5,2,2,No,Independent,1,Study Group,1,Beginner
167,Yes,NLP,No,Neutral,Verbal,1,1,2,No,Independent,2,Online,2,Beginner
168,Yes,Data Analysis,Yes,Dislike,Written,5,1,2,No,Neutral,2,TextBook,1,Beginner
169,Yes,Computer Vision,Yes,Dislike,Verbal,2,1,3,No,Neutral,2,Online,2,Beginner
170,Yes,Computer Vision,No,Dislike,Written,10,2,3,No,Independent,2,TextBook,1,Beginner
171,Yes,Data Analysis,No,Neutral,Written,10,2,1,No,Independent,1,Study Group,2,Beginner
172,Yes,NLP,Yes,Neutral,Written,10,2,3,No,Independent,1,Study Group,1,Beginner
173,Yes,NLP,No,Neutral,Verbal,2,2,2,No,Highly Collaborating,2,Peer Discussion,2,Beginner
174,Yes,NLP,No,Dislike,Written,6,1,3,No,Independent,2,Online,1,Beginner
175,Yes,Computer Vision,Yes,Dislike,Written,5,1,1,No,Highly Collaborating,1,Peer Discussion,1,Beginner
176,Yes,NLP,No,Dislike,Verbal,2,1,3,No,Highly Collaborating,2,Online,1,Beginner
177,Yes,Deep Learning,Yes,Dislike,Written,9,1,3,No,Highly Collaborating,2,Study Group,2,Beginner
178,No,Deep Learning,Yes,Neutral,Verbal,9,1,2,No,Neutral,1,Study Group,1,Beginner
179,No,NLP,Yes,Neutral,Verbal,9,2,2,No,Neutral,1,Online,2,Beginner
180,No,Data Analysis,No,Dislike,Written,7,2,2,No,Independent,2,TextBook,1,Beginner
181,Yes,Computer Vision,No,Dislike,Written,3,1,3,No,Neutral,2,Peer Discussion,1,Beginner
182,No,Deep Learning,No,Dislike,Verbal,9,2,2,No,Neutral,2,Online,2,Beginner
183,No,Deep Learning,No,Dislike,Written,5,2,2,No,Highly Collaborating,1,Study Group,2,Beginner
184,Yes,Computer Vision,Yes,Neutral,Verbal,5,2,1,No,Independent,2,Peer Discussion,1,Beginner
185,Yes,Deep Learning,No,Dislike,Verbal,5,2,1,No,Independent,2,Peer Discussion,2,Beginner
186,No,Computer Vision,No,Dislike,Written,5,1,2,No,Highly Collaborating,2,TextBook,1,Beginner
187,No,Data Analysis,Yes,Dislike,Written,8,1,3,No,Independent,2,Study Group,2,Beginner
188,No,Computer Vision,No,Enjoy Communicating,Verbal,7,1,3,No,Highly Collaborating,2,TextBook,2,Beginner
189,Yes,Deep Learning,No,Enjoy Communicating,Written,4,2,2,No,Independent,2,Peer Discussion,2,Beginner
190,No,Deep Learning,Yes,Enjoy Communicating,Verbal,3,1,3,No,Independent,2,Peer Discussion,2,Beginner
191,No,Deep Learning,No,Enjoy Communicating,Verbal,7,1,3,No,Highly Collaborating,2,Online,1,Beginner
192,Yes,NLP,Yes,Enjoy Communicating,Written,4,2,2,No,Highly Collaborating,2,Peer Discussion,2,Beginner
193,Yes,Computer Vision,Yes,Neutral,Verbal,8,2,3,No,Neutral,1,Online,2,Beginner
194,No,Data Analysis,No,Enjoy Communicating,Verbal,10,2,2,No,Neutral,1,TextBook,2,Beginner
195,No,Data Analysis,No,Dislike,Verbal,5,1,2,No,Independent,2,Study Group,2,Beginner
196,Yes,NLP,Yes,Dislike,Verbal,7,1,2,No,Independent,2,Online,2,Beginner
197,Yes,Data Analysis,No,Enjoy Communicating,Verbal,3,1,1,No,Neutral,1,Peer Discussion,2,Beginner
198,Yes,Data Analysis,Yes,Enjoy Communicating,Verbal,10,2,1,No,Highly Collaborating,2,Online,2,Beginner
199,Yes,NLP,No,Enjoy Communicating,Verbal,4,1,1,No,Independent,2,Peer Discussion,1,Beginner
200,No,Data Analysis,No,Enjoy Communicating,Written,5,1,2,No,Independent,2,TextBook,1,Beginner
201,No,Data Analysis,Yes,Enjoy Communicating,Verbal,9,2,1,No,Highly Collaborating,1,Peer Discussion,1,Beginner
202,Yes,NLP,Yes,Neutral,Written,2,1,3,No,Neutral,1,Peer Discussion,1,Beginner
203,Yes,Data Analysis,No,Neutral,Verbal,3,2,1,No,Independent,1,TextBook,1,Beginner
204,Yes,NLP,No,Dislike,Written,8,2,1,No,Independent,1,Peer Discussion,2,Beginner
205,Yes,NLP,No,Enjoy Communicating,Written,4,2,2,No,Highly Collaborating,2,Online,2,Beginner
206,No,Data Analysis,Yes,Enjoy Communicating,Verbal,4,2,2,No,Neutral,2,Peer Discussion,2,Beginner
207,Yes,Computer Vision,No,Neutral,Verbal,7,2,1,No,Neutral,1,Online,1,Beginner
208,Yes,Deep Learning,Yes,Neutral,Written,2,1,3,No,Neutral,2,Peer Discussion,1,Beginner
209,No,Data Analysis,No,Neutral,Written,2,2,2,No,Neutral,1,Peer Discussion,2,Beginner
210,Yes,Data Analysis,Yes,Neutral,Verbal,1,2,1,No,Highly Collaborating,2,Online,1,Beginner
211,Yes,NLP,Yes,Neutral,Written,2,2,3,No,Highly Collaborating,2,Online,2,Beginner
212,Yes,Data Analysis,Yes,Dislike,Verbal,10,1,2,No,Highly Collaborating,1,Online,1,Beginner
213,Yes,Computer Vision,No,Dislike,Written,5,1,3,No,Neutral,1,TextBook,2,Beginner
214,Yes,Computer Vision,No,Neutral,Written,6,1,2,No,Highly Collaborating,2,Peer Discussion,2,Beginner
215,Yes,Data Analysis,No,Enjoy Communicating,Written,1,1,1,No,Independent,2,TextBook,2,Beginner
216,No,Deep Learning,Yes,Neutral,Written,6,1,2,No,Highly Collaborating,1,Online,1,Beginner
217,No,Data Analysis,Yes,Enjoy Communicating,Verbal,5,2,1,No,Independent,2,TextBook,1,Beginner
218,No,Deep Learning,No,Neutral,Written,8,1,2,No,Independent,1,Online,1,Beginner
219,No,NLP,Yes,Enjoy Communicating,Written,1,1,3,No,Independent,1,Online,1,Beginner
220,No,Deep Learning,No,Neutral,Verbal,2,1,3,No,Highly Collaborating,2,TextBook,2,Beginner
221,No,Deep Learning,Yes,Neutral,Written,10,1,2,No,Neutral,2,Peer Discussion,1,Beginner
222,Yes,Data Analysis,No,Enjoy Communicating,Written,4,1,1,No,Highly Collaborating,2,Study Group,2,Beginner
223,Yes,NLP,No,Enjoy Communicating,Written,6,2,1,No,Highly Collaborating,1,Online,1,Beginner
224,Yes,NLP,No,Enjoy Communicating,Verbal,6,1,2,No,Highly Collaborating,1,Online,1,Beginner
225,No,Deep Learning,Yes,Dislike,Written,1,2,3,No,Independent,1,Study Group,1,Beginner
226,No,Deep Learning,Yes,Enjoy Communicating,Written,7,1,1,No,Independent,2,TextBook,1,Beginner
227,No,Data Analysis,Yes,Dislike,Verbal,5,1,2,No,Neutral,2,Peer Discussion,2,Beginner
228,No,Deep Learning,Yes,Enjoy Communicating,Verbal,8,2,3,No,Neutral,2,TextBook,2,Beginner
229,No,Deep Learning,No,Enjoy Communicating,Verbal,5,2,3,No,Independent,1,Study Group,2,Beginner
230,Yes,Deep Learning,No,Enjoy Communicating,Written,9,1,1,No,Highly Collaborating,1,Peer Discussion,2,Beginner
231,Yes,Deep Learning,Yes,Enjoy Communicating,Written,8,2,1,No,Highly Collaborating,2,TextBook,2,Beginner
232,Yes,Deep Learning,Yes,Neutral,Written,7,2,2,No,Highly Collaborating,1,Online,1,Beginner
233,Yes,Computer Vision,No,Dislike,Written,3,2,1,No,Highly Collaborating,1,Online,1,Beginner
234,Yes,Data Analysis,Yes,Dislike,Verbal,6,2,3,No,Neutral,1,Online,1,Beginner
235,Yes,Data Analysis,No,Dislike,Written,5,2,2,No,Neutral,2,Study Group,2,Beginner
236,No,NLP,No,Dislike,Written,4,2,2,No,Neutral,1,Online,2,Beginner
237,Yes,Data Analysis,Yes,Neutral,Verbal,10,2,1,No,Highly Collaborating,1,Peer Discussion,1,Beginner
238,Yes,Data Analysis,No,Neutral,Verbal,7,1,2,No,Highly Collaborating,1,Peer Discussion,2,Beginner
239,Yes,Computer Vision,No,Neutral,Verbal,6,2,3,No,Independent,1,Online,2,Beginner
240,No,Deep Learning,Yes,Dislike,Verbal,1,1,1,No,Independent,1,Study Group,1,Beginner
241,Yes,NLP,No,Enjoy Communicating,Verbal,10,2,1,No,Independent,2,Study Group,2,Beginner
242,Yes,Data Analysis,Yes,Enjoy Communicating,Written,6,2,1,No,Neutral,2,TextBook,1,Beginner
243,Yes,NLP,No,Neutral,Written,8,1,2,No,Neutral,2,TextBook,2,Beginner
244,No,Computer Vision,No,Neutral,Verbal,7,2,2,No,Independent,2,TextBook,1,Beginner
245,Yes,NLP,Yes,Neutral,Written,5,1,1,No,Neutral,2,Online,2,Beginner
246,Yes,NLP,Yes,Neutral,Verbal,8,1,1,No,Independent,1,TextBook,2,Beginner
247,No,Data Analysis,Yes,Dislike,Verbal,7,2,1,No,Neutral,2,Study Group,1,Beginner
248,Yes,Data Analysis,No,Enjoy Communicating,Written,10,1,1,No,Independent,1,TextBook,1,Beginner
249,No,Computer Vision,No,Neutral,Verbal,3,1,3,No,Neutral,2,Study Group,1,Beginner
0,Yes,Deep Learning,No,Neutral,Verbal,7,5,6,No,Independent,6,Study Group,5,Intermediate
1,Yes,Data Analysis,Yes,Neutral,Verbal,7,6,6,No,Neutral,4,Study Group,4,Intermediate
2,Yes,Computer Vision,No,Enjoy Communicating,Written,8,4,4,No,Neutral,3,TextBook,4,Intermediate
3,Yes,NLP,No,Dislike,Verbal,9,3,6,No,Independent,5,TextBook,5,Intermediate
4,No,NLP,No,Neutral,Written,6,6,4,Yes,Independent,3,TextBook,3,Intermediate
5,Yes,NLP,No,Neutral,Verbal,7,4,4,Yes,Independent,4,Study Group,6,Intermediate
6,Yes,Deep Learning,No,Enjoy Communicating,Written,3,3,3,No,Independent,3,Peer Discussion,3,Intermediate
7,Yes,Computer Vision,Yes,Enjoy Communicating,Written,4,3,3,Yes,Independent,5,TextBook,4,Intermediate
8,Yes,Computer Vision,Yes,Enjoy Communicating,Verbal,8,3,3,Yes,Independent,4,TextBook,3,Intermediate
9,No,Deep Learning,Yes,Neutral,Written,9,3,6,No,Neutral,4,Online,3,Intermediate
10,Yes,Computer Vision,No,Dislike,Verbal,5,5,6,No,Highly Collaborating,6,Online,6,Intermediate
11,Yes,Computer Vision,No,Neutral,Written,6,6,4,No,Highly Collaborating,4,Peer Discussion,4,Intermediate
12,No,Data Analysis,No,Enjoy Communicating,Verbal,2,4,6,Yes,Highly Collaborating,5,Peer Discussion,6,Intermediate
13,Yes,Data Analysis,No,Dislike,Verbal,2,4,6,Yes,Neutral,5,Peer Discussion,5,Intermediate
14,No,Computer Vision,No,Enjoy Communicating,Written,6,4,5,Yes,Independent,3,Online,5,Intermediate
15,Yes,Computer Vision,No,Neutral,Verbal,1,4,3,Yes,Neutral,6,Online,5,Intermediate
16,Yes,Computer Vision,Yes,Neutral,Verbal,6,3,5,Yes,Independent,6,TextBook,3,Intermediate
17,Yes,Data Analysis,Yes,Dislike,Written,2,3,4,No,Highly Collaborating,4,TextBook,5,Intermediate
18,No,Computer Vision,Yes,Enjoy Communicating,Verbal,1,4,5,No,Highly Collaborating,6,Online,4,Intermediate
19,No,Deep Learning,No,Dislike,Written,10,3,6,No,Highly Collaborating,6,Online,3,Intermediate
20,No,NLP,No,Neutral,Verbal,4,4,5,Yes,Highly Collaborating,3,Online,3,Intermediate
21,No,Computer Vision,Yes,Enjoy Communicating,Written,4,6,5,No,Neutral,6,Study Group,6,Intermediate
22,Yes,Data Analysis,Yes,Neutral,Verbal,8,4,3,Yes,Highly Collaborating,3,Study Group,4,Intermediate
23,Yes,Deep Learning,Yes,Neutral,Written,2,4,5,Yes,Independent,5,Study Group,4,Intermediate
24,No,NLP,Yes,Dislike,Written,10,4,6,Yes,Independent,5,Study Group,6,Intermediate
25,No,NLP,No,Enjoy Communicating,Verbal,6,3,3,No,Independent,5,Online,5,Intermediate
26,No,Computer Vision,No,Neutral,Written,1,3,5,No,Neutral,4,TextBook,3,Intermediate
27,Yes,NLP,Yes,Neutral,Written,7,5,3,No,Independent,5,Study Group,6,Intermediate
28,No,Deep Learning,Yes,Enjoy Communicating,Written,10,6,6,No,Highly Collaborating,6,Peer Discussion,5,Intermediate
29,No,NLP,Yes,Dislike,Written,3,6,6,Yes,Independent,5,Online,5,Intermediate
30,Yes,Data Analysis,No,Enjoy Communicating,Verbal,3,5,5,No,Neutral,3,Peer Discussion,3,Intermediate
31,No,Deep Learning,Yes,Dislike,Written,9,6,5,No,Independent,3,Peer Discussion,6,Intermediate
32,Yes,Computer Vision,Yes,Enjoy Communicating,Verbal,2,5,3,No,Highly Collaborating,3,Study Group,4,Intermediate
33,Yes,Deep Learning,Yes,Neutral,Verbal,10,4,5,No,Independent,5,Online,6,Intermediate
34,Yes,Computer Vision,Yes,Neutral,Verbal,10,6,5,No,Neutral,5,Study Group,6,Intermediate
35,Yes,Computer Vision,Yes,Dislike,Written,6,6,5,Yes,Independent,6,TextBook,3,Intermediate
36,Yes,Computer Vision,No,Enjoy Communicating,Verbal,2,6,6,Yes,Highly Collaborating,4,Peer Discussion,5,Intermediate
37,No,Computer Vision,No,Dislike,Verbal,8,4,3,No,Neutral,3,Peer Discussion,3,Intermediate
38,Yes,Computer Vision,No,Enjoy Communicating,Verbal,9,5,4,Yes,Neutral,6,TextBook,6,Intermediate
39,No,Deep Learning,No,Dislike,Written,5,3,6,No,Independent,4,Peer Discussion,4,Intermediate
40,No,NLP,No,Neutral,Written,6,6,6,No,Neutral,6,Study Group,6,Intermediate
41,No,Data Analysis,No,Enjoy Communicating,Verbal,5,3,4,No,Neutral,5,Study Group,4,Intermediate
42,No,Deep Learning,No,Neutral,Written,3,6,6,Yes,Neutral,3,Online,6,Intermediate
43,No,Data Analysis,No,Enjoy Communicating,Verbal,9,5,3,No,Highly Collaborating,4,Study Group,5,Intermediate
44,No,NLP,Yes,Neutral,Verbal,2,3,3,Yes,Neutral,4,Peer Discussion,3,Intermediate
45,Yes,Computer Vision,No,Neutral,Verbal,5,3,3,No,Neutral,3,Peer Discussion,3,Intermediate
46,Yes,NLP,Yes,Enjoy Communicating,Verbal,9,6,6,No,Independent,5,Online,3,Intermediate
47,No,Deep Learning,No,Dislike,Written,8,3,4,No,Highly Collaborating,5,Online,4,Intermediate
48,No,Deep Learning,No,Enjoy Communicating,Verbal,10,6,6,Yes,Highly Collaborating,3,Peer Discussion,4,Intermediate
49,No,Computer Vision,No,Dislike,Written,2,3,5,Yes,Neutral,4,Peer Discussion,3,Intermediate
50,No,Deep Learning,No,Dislike,Verbal,9,6,4,Yes,Neutral,6,Study Group,5,Intermediate
51,No,Data Analysis,Yes,Neutral,Verbal,9,6,5,Yes,Independent,5,Peer Discussion,4,Intermediate
52,Yes,Computer Vision,No,Enjoy Communicating,Written,2,4,5,Yes,Highly Collaborating,6,Online,5,Intermediate
53,Yes,Data Analysis,Yes,Neutral,Verbal,2,3,4,Yes,Independent,5,Online,3,Intermediate
54,Yes,Computer Vision,Yes,Enjoy Communicating,Written,9,4,3,Yes,Neutral,5,Study Group,6,Intermediate
55,No,Deep Learning,No,Neutral,Verbal,7,4,3,No,Highly Collaborating,3,Study Group,5,Intermediate
56,No,Computer Vision,Yes,Dislike,Written,8,4,3,Yes,Highly Collaborating,3,Study Group,4,Intermediate
57,Yes,Deep Learning,No,Dislike,Verbal,5,5,6,No,Independent,4,Study Group,6,Intermediate
58,No,Deep Learning,Yes,Neutral,Written,9,3,6,No,Independent,3,TextBook,6,Intermediate
59,Yes,NLP,Yes,Enjoy Communicating,Verbal,6,5,6,Yes,Highly Collaborating,4,Peer Discussion,3,Intermediate
60,No,NLP,Yes,Dislike,Written,1,4,5,Yes,Independent,5,TextBook,3,Intermediate
61,No,Data Analysis,Yes,Dislike,Written,5,5,3,Yes,Independent,3,TextBook,3,Intermediate
62,Yes,Deep Learning,No,Neutral,Written,8,4,4,No,Independent,3,TextBook,6,Intermediate
63,No,Deep Learning,Yes,Enjoy Communicating,Verbal,10,4,3,Yes,Neutral,6,Study Group,4,Intermediate
64,Yes,NLP,No,Dislike,Written,9,4,4,Yes,Neutral,5,Peer Discussion,4,Intermediate
65,No,NLP,No,Neutral,Verbal,8,6,5,Yes,Highly Collaborating,5,Peer Discussion,4,Intermediate
66,No,Data Analysis,No,Dislike,Written,9,5,4,Yes,Highly Collaborating,4,Peer Discussion,6,Intermediate
67,No,Computer Vision,Yes,Dislike,Verbal,9,3,4,Yes,Independent,5,Study Group,4,Intermediate
68,Yes,NLP,Yes,Enjoy Communicating,Written,4,4,3,No,Independent,5,Online,6,Intermediate
69,Yes,Deep Learning,No,Enjoy Communicating,Written,6,4,4,No,Highly Collaborating,4,Study Group,6,Intermediate
70,Yes,NLP,No,Enjoy Communicating,Written,5,4,5,Yes,Neutral,3,Online,5,Intermediate
71,No,Computer Vision,No,Enjoy Communicating,Verbal,2,3,4,No,Highly Collaborating,4,Online,4,Intermediate
72,Yes,Deep Learning,Yes,Dislike,Written,6,4,5,No,Neutral,4,Online,3,Intermediate
73,Yes,Data Analysis,Yes,Enjoy Communicating,Written,9,3,6,No,Neutral,5,TextBook,4,Intermediate
74,Yes,Computer Vision,Yes,Enjoy Communicating,Verbal,1,4,5,Yes,Neutral,6,TextBook,6,Intermediate
75,No,NLP,Yes,Neutral,Written,2,6,6,No,Highly Collaborating,5,Online,3,Intermediate
76,Yes,Computer Vision,No,Dislike,Verbal,2,6,3,Yes,Highly Collaborating,4,Peer Discussion,5,Intermediate
77,No,Data Analysis,No,Neutral,Verbal,7,6,5,No,Independent,3,Online,6,Intermediate
78,No,Data Analysis,No,Dislike,Verbal,5,6,5,Yes,Highly Collaborating,3,TextBook,3,Intermediate
79,No,NLP,Yes,Dislike,Verbal,5,3,5,Yes,Highly Collaborating,4,TextBook,4,Intermediate
80,Yes,Deep Learning,Yes,Enjoy Communicating,Verbal,10,3,5,Yes,Independent,5,Online,6,Intermediate
81,Yes,NLP,Yes,Dislike,Verbal,3,5,4,No,Neutral,4,Online,3,Intermediate
82,No,Data Analysis,No,Enjoy Communicating,Written,7,5,5,Yes,Neutral,4,TextBook,4,Intermediate
83,Yes,NLP,No,Dislike,Written,7,6,5,No,Independent,4,Online,6,Intermediate
84,Yes,Deep Learning,Yes,Enjoy Communicating,Written,1,3,4,Yes,Neutral,4,TextBook,5,Intermediate
85,No,Computer Vision,No,Enjoy Communicating,Written,7,3,3,Yes,Neutral,6,TextBook,4,Intermediate
86,No,Deep Learning,Yes,Dislike,Verbal,1,4,6,Yes,Independent,6,Study Group,6,Intermediate
87,Yes,Deep Learning,Yes,Enjoy Communicating,Written,5,5,5,No,Highly Collaborating,5,TextBook,5,Intermediate
88,No,Computer Vision,No,Enjoy Communicating,Written,8,5,5,Yes,Highly Collaborating,4,Peer Discussion,5,Intermediate
89,Yes,Deep Learning,No,Dislike,Written,4,4,6,No,Independent,6,Online,5,Intermediate
90,Yes,Data Analysis,No,Neutral,Written,8,3,4,No,Highly Collaborating,5,TextBook,3,Intermediate
91,Yes,Data Analysis,No,Neutral,Verbal,4,6,3,No,Highly Collaborating,3,Peer Discussion,5,Intermediate
92,Yes,Computer Vision,No,Dislike,Verbal,4,6,3,Yes,Independent,6,Study Group,3,Intermediate
93,Yes,NLP,No,Neutral,Verbal,7,6,6,No,Independent,4,Peer Discussion,4,Intermediate
94,No,Computer Vision,Yes,Neutral,Verbal,6,5,5,No,Highly Collaborating,4,TextBook,4,Intermediate
95,No,NLP,Yes,Enjoy Communicating,Written,6,3,5,Yes,Neutral,5,Study Group,6,Intermediate
96,No,NLP,No,Dislike,Written,3,3,3,No,Neutral,5,TextBook,5,Intermediate
97,Yes,Computer Vision,No,Dislike,Verbal,8,3,5,No,Neutral,5,Study Group,4,Intermediate
98,Yes,Data Analysis,Yes,Neutral,Written,9,4,6,Yes,Highly Collaborating,3,Peer Discussion,6,Intermediate
99,Yes,Computer Vision,No,Enjoy Communicating,Verbal,9,5,4,Yes,Independent,3,Study Group,6,Intermediate
100,Yes,Deep Learning,Yes,Neutral,Written,1,4,4,No,Independent,4,Online,5,Intermediate
101,No,Deep Learning,Yes,Dislike,Written,6,3,5,No,Independent,4,TextBook,3,Intermediate
102,Yes,Deep Learning,Yes,Enjoy Communicating,Written,6,5,4,No,Highly Collaborating,3,TextBook,3,Intermediate
103,No,NLP,Yes,Enjoy Communicating,Written,8,3,4,No,Highly Collaborating,3,TextBook,3,Intermediate
104,No,Data Analysis,No,Enjoy Communicating,Written,4,6,6,No,Independent,6,TextBook,4,Intermediate
105,No,Data Analysis,Yes,Neutral,Verbal,7,4,3,Yes,Neutral,3,Online,4,Intermediate
106,No,Computer Vision,No,Neutral,Written,4,3,5,No,Neutral,5,Study Group,5,Intermediate
107,No,Computer Vision,Yes,Dislike,Verbal,10,3,5,No,Independent,6,Online,5,Intermediate
108,No,Computer Vision,No,Dislike,Verbal,7,5,3,No,Neutral,4,Study Group,5,Intermediate
109,No,Deep Learning,No,Neutral,Written,3,4,3,No,Independent,3,Online,5,Intermediate
110,No,Computer Vision,Yes,Dislike,Verbal,1,5,4,No,Highly Collaborating,5,TextBook,5,Intermediate
111,No,Data Analysis,Yes,Dislike,Verbal,6,4,4,Yes,Independent,6,Online,4,Intermediate
112,Yes,Computer Vision,No,Enjoy Communicating,Verbal,10,6,3,Yes,Highly Collaborating,3,Peer Discussion,3,Intermediate
113,Yes,Data Analysis,No,Enjoy Communicating,Written,5,6,5,No,Highly Collaborating,5,Online,4,Intermediate
114,Yes,NLP,Yes,Enjoy Communicating,Verbal,7,6,3,Yes,Independent,4,Peer Discussion,6,Intermediate
115,Yes,NLP,No,Neutral,Verbal,8,6,6,Yes,Highly Collaborating,5,Study Group,3,Intermediate
116,No,Data Analysis,Yes,Enjoy Communicating,Verbal,7,3,4,Yes,Highly Collaborating,5,Peer Discussion,3,Intermediate
117,No,Computer Vision,No,Dislike,Verbal,7,6,6,Yes,Independent,3,TextBook,6,Intermediate
118,No,Data Analysis,No,Neutral,Verbal,5,3,5,No,Highly Collaborating,3,TextBook,5,Intermediate
119,Yes,Deep Learning,No,Neutral,Written,9,6,3,Yes,Highly Collaborating,6,Online,3,Intermediate
120,No,NLP,Yes,Enjoy Communicating,Verbal,9,4,5,Yes,Independent,4,Study Group,4,Intermediate
121,Yes,Data Analysis,No,Enjoy Communicating,Verbal,7,3,5,No,Neutral,4,Peer Discussion,5,Intermediate
122,Yes,Computer Vision,Yes,Dislike,Verbal,6,5,6,Yes,Independent,6,TextBook,3,Intermediate
123,Yes,NLP,No,Enjoy Communicating,Written,8,3,6,No,Highly Collaborating,3,TextBook,6,Intermediate
124,No,NLP,Yes,Neutral,Verbal,6,5,6,Yes,Neutral,3,TextBook,5,Intermediate
125,No,Data Analysis,Yes,Dislike,Verbal,5,6,5,No,Neutral,4,Study Group,4,Intermediate
126,Yes,NLP,No,Dislike,Written,2,3,5,Yes,Independent,6,TextBook,6,Intermediate
127,No,Data Analysis,Yes,Neutral,Written,9,4,3,No,Independent,4,Online,3,Intermediate
128,No,NLP,No,Enjoy Communicating,Written,10,6,5,Yes,Neutral,5,Study Group,5,Intermediate
129,Yes,NLP,Yes,Neutral,Written,6,4,5,Yes,Neutral,3,Online,4,Intermediate
130,Yes,Data Analysis,Yes,Dislike,Written,4,4,4,No,Highly Collaborating,5,Online,4,Intermediate
131,No,Computer Vision,No,Dislike,Verbal,9,5,6,No,Highly Collaborating,6,Study Group,5,Intermediate
132,Yes,NLP,No,Neutral,Written,1,4,4,Yes,Independent,6,Peer Discussion,6,Intermediate
133,No,Data Analysis,Yes,Enjoy Communicating,Verbal,7,6,5,Yes,Highly Collaborating,3,Online,6,Intermediate
134,Yes,Deep Learning,Yes,Dislike,Verbal,7,6,3,No,Neutral,4,Study Group,5,Intermediate
135,No,NLP,No,Neutral,Verbal,7,5,6,No,Independent,6,Online,3,Intermediate
136,No,Computer Vision,Yes,Enjoy Communicating,Written,4,3,5,No,Neutral,4,TextBook,4,Intermediate
137,Yes,Data Analysis,No,Dislike,Verbal,1,6,4,No,Neutral,5,Peer Discussion,3,Intermediate
138,Yes,Computer Vision,Yes,Dislike,Written,10,3,4,Yes,Independent,4,Study Group,3,Intermediate
139,Yes,NLP,No,Dislike,Verbal,9,3,3,Yes,Independent,4,TextBook,6,Intermediate
140,Yes,Deep Learning,Yes,Enjoy Communicating,Written,8,6,5,No,Highly Collaborating,5,Peer Discussion,6,Intermediate
141,No,Data Analysis,Yes,Enjoy Communicating,Verbal,10,3,3,No,Highly Collaborating,4,Online,6,Intermediate
142,No,Computer Vision,Yes,Enjoy Communicating,Verbal,2,3,6,No,Highly Collaborating,3,TextBook,3,Intermediate
143,No,Computer Vision,No,Enjoy Communicating,Verbal,9,4,5,Yes,Highly Collaborating,5,Peer Discussion,4,Intermediate
144,No,Computer Vision,Yes,Enjoy Communicating,Written,5,5,6,No,Independent,6,TextBook,4,Intermediate
145,No,NLP,Yes,Dislike,Written,10,5,4,No,Neutral,6,Online,4,Intermediate
146,No,NLP,No,Enjoy Communicating,Verbal,2,5,3,No,Neutral,5,Study Group,3,Intermediate
147,No,Computer Vision,Yes,Dislike,Verbal,2,5,4,Yes,Neutral,4,Study Group,5,Intermediate
148,No,Data Analysis,No,Neutral,Verbal,2,3,5,Yes,Independent,5,Online,6,Intermediate
149,No,NLP,No,Neutral,Verbal,8,5,4,Yes,Neutral,4,Peer Discussion,6,Intermediate
150,No,NLP,No,Neutral,Verbal,2,3,6,Yes,Independent,5,TextBook,4,Intermediate
151,No,Computer Vision,Yes,Enjoy Communicating,Verbal,3,3,3,Yes,Highly Collaborating,6,Online,3,Intermediate
152,No,Computer Vision,No,Neutral,Verbal,7,5,6,No,Independent,3,Online,5,Intermediate
153,Yes,Data Analysis,Yes,Neutral,Written,3,6,6,Yes,Highly Collaborating,6,Online,3,Intermediate
154,Yes,NLP,Yes,Neutral,Written,10,6,5,No,Highly Collaborating,5,Peer Discussion,5,Intermediate
155,No,Computer Vision,Yes,Enjoy Communicating,Written,1,3,3,Yes,Independent,5,Online,6,Intermediate
156,No,Computer Vision,No,Enjoy Communicating,Verbal,6,5,5,No,Independent,6,TextBook,6,Intermediate
157,No,Computer Vision,No,Neutral,Written,8,5,5,No,Highly Collaborating,3,Peer Discussion,6,Intermediate
158,Yes,Data Analysis,No,Dislike,Verbal,3,4,6,Yes,Independent,3,Peer Discussion,3,Intermediate
159,No,Computer Vision,Yes,Dislike,Verbal,8,6,3,Yes,Neutral,4,Online,3,Intermediate
160,Yes,Data Analysis,Yes,Dislike,Verbal,5,3,6,Yes,Highly Collaborating,4,Study Group,3,Intermediate
161,No,Computer Vision,No,Dislike,Written,8,4,5,Yes,Neutral,3,Study Group,5,Intermediate
162,No,Deep Learning,Yes,Dislike,Verbal,1,6,3,No,Highly Collaborating,3,Online,5,Intermediate
163,Yes,NLP,No,Dislike,Written,5,3,6,Yes,Independent,3,TextBook,3,Intermediate
164,Yes,Data Analysis,No,Enjoy Communicating,Written,10,4,3,No,Highly Collaborating,4,TextBook,3,Intermediate
165,Yes,NLP,Yes,Neutral,Verbal,7,6,5,No,Independent,6,Online,6,Intermediate
166,No,NLP,Yes,Enjoy Communicating,Verbal,4,3,3,No,Highly Collaborating,4,TextBook,3,Intermediate
167,Yes,NLP,No,Dislike,Written,10,5,6,No,Highly Collaborating,6,Peer Discussion,4,Intermediate
168,No,Deep Learning,No,Neutral,Verbal,7,3,4,Yes,Independent,3,Online,6,Intermediate
169,Yes,Deep Learning,Yes,Dislike,Verbal,9,3,5,No,Neutral,3,Study Group,4,Intermediate
170,Yes,Computer Vision,Yes,Neutral,Written,2,6,6,Yes,Highly Collaborating,6,Peer Discussion,4,Intermediate
171,No,Deep Learning,Yes,Dislike,Written,8,3,4,Yes,Highly Collaborating,5,TextBook,5,Intermediate
172,Yes,Computer Vision,Yes,Enjoy Communicating,Written,6,3,4,No,Highly Collaborating,3,Online,4,Intermediate
173,Yes,Data Analysis,No,Dislike,Verbal,2,4,6,No,Highly Collaborating,6,Online,6,Intermediate
174,No,Deep Learning,Yes,Neutral,Written,2,6,4,Yes,Neutral,3,Peer Discussion,5,Intermediate
175,Yes,Computer Vision,No,Neutral,Verbal,1,3,3,Yes,Neutral,6,Study Group,3,Intermediate
176,No,Computer Vision,Yes,Dislike,Verbal,4,4,6,No,Highly Collaborating,3,Peer Discussion,3,Intermediate
177,No,Deep Learning,No,Enjoy Communicating,Written,3,3,5,Yes,Independent,6,Online,3,Intermediate
178,Yes,Computer Vision,No,Neutral,Written,4,5,5,Yes,Neutral,3,Study Group,4,Intermediate
179,No,Deep Learning,Yes,Dislike,Verbal,1,4,6,Yes,Independent,5,Online,4,Intermediate
180,Yes,NLP,Yes,Neutral,Verbal,6,4,6,Yes,Highly Collaborating,6,Online,5,Intermediate
181,No,Deep Learning,Yes,Enjoy Communicating,Verbal,7,4,5,No,Neutral,5,TextBook,6,Intermediate
182,No,Deep Learning,No,Neutral,Verbal,9,6,3,No,Independent,4,TextBook,3,Intermediate
183,Yes,Data Analysis,No,Enjoy Communicating,Written,4,3,5,No,Independent,5,Peer Discussion,4,Intermediate
184,Yes,Computer Vision,Yes,Neutral,Verbal,10,4,3,Yes,Highly Collaborating,4,Online,5,Intermediate
185,No,Data Analysis,Yes,Enjoy Communicating,Verbal,8,3,6,No,Independent,4,Online,3,Intermediate
186,No,NLP,Yes,Enjoy Communicating,Verbal,5,5,5,Yes,Neutral,6,TextBook,4,Intermediate
187,Yes,Deep Learning,No,Neutral,Verbal,5,3,4,Yes,Highly Collaborating,5,TextBook,3,Intermediate
188,No,Data Analysis,Yes,Neutral,Verbal,4,3,5,No,Neutral,3,Peer Discussion,4,Intermediate
189,No,NLP,Yes,Enjoy Communicating,Verbal,8,6,4,No,Highly Collaborating,5,Peer Discussion,5,Intermediate
190,No,Deep Learning,Yes,Dislike,Verbal,8,6,6,No,Independent,4,TextBook,6,Intermediate
191,Yes,NLP,No,Neutral,Written,8,4,4,No,Highly Collaborating,3,Study Group,4,Intermediate
192,No,NLP,Yes,Enjoy Communicating,Written,7,6,5,Yes,Highly Collaborating,6,TextBook,3,Intermediate
193,Yes,Deep Learning,No,Neutral,Verbal,3,6,5,No,Highly Collaborating,6,Study Group,3,Intermediate
194,No,Computer Vision,No,Neutral,Written,10,4,4,No,Independent,4,TextBook,5,Intermediate
195,Yes,Deep Learning,Yes,Dislike,Written,4,6,6,No,Highly Collaborating,4,Study Group,5,Intermediate
196,No,NLP,Yes,Enjoy Communicating,Verbal,8,5,6,Yes,Independent,3,Peer Discussion,6,Intermediate
197,Yes,NLP,No,Dislike,Verbal,6,4,6,No,Highly Collaborating,4,Study Group,4,Intermediate
198,Yes,Data Analysis,No,Enjoy Communicating,Verbal,9,3,6,Yes,Neutral,3,Online,3,Intermediate
199,Yes,NLP,No,Enjoy Communicating,Written,9,4,3,Yes,Neutral,3,TextBook,4,Intermediate
200,No,Computer Vision,Yes,Neutral,Written,10,5,6,Yes,Highly Collaborating,6,Online,6,Intermediate
201,No,NLP,No,Dislike,Verbal,9,3,5,No,Independent,6,Peer Discussion,5,Intermediate
202,No,Data Analysis,No,Dislike,Verbal,10,3,5,No,Independent,5,Online,6,Intermediate
203,No,Computer Vision,Yes,Neutral,Written,5,6,5,Yes,Neutral,5,Peer Discussion,4,Intermediate
204,No,Computer Vision,No,Neutral,Written,9,5,6,Yes,Neutral,4,Online,5,Intermediate
205,Yes,NLP,No,Dislike,Written,8,6,4,Yes,Highly Collaborating,3,Study Group,4,Intermediate
206,Yes,Data Analysis,No,Neutral,Written,2,6,3,No,Neutral,6,TextBook,5,Intermediate
207,No,NLP,Yes,Dislike,Written,3,6,6,No,Highly Collaborating,4,Peer Discussion,5,Intermediate
208,No,Computer Vision,Yes,Neutral,Written,5,5,4,No,Independent,3,Study Group,5,Intermediate
209,No,Deep Learning,Yes,Dislike,Verbal,10,4,6,Yes,Highly Collaborating,3,TextBook,3,Intermediate
210,Yes,Deep Learning,Yes,Enjoy Communicating,Written,4,6,6,No,Neutral,3,Study Group,4,Intermediate
211,Yes,Deep Learning,Yes,Enjoy Communicating,Verbal,2,6,3,Yes,Neutral,4,Online,6,Intermediate
212,No,Deep Learning,No,Dislike,Written,1,5,4,Yes,Highly Collaborating,3,Online,3,Intermediate
213,Yes,Data Analysis,Yes,Enjoy Communicating,Written,5,5,3,Yes,Independent,4,Study Group,5,Intermediate
214,Yes,NLP,No,Enjoy Communicating,Written,3,5,3,Yes,Neutral,6,Online,3,Intermediate
215,Yes,Deep Learning,No,Dislike,Written,3,5,3,Yes,Highly Collaborating,5,Peer Discussion,6,Intermediate
216,Yes,Data Analysis,No,Neutral,Written,5,3,6,Yes,Independent,4,Study Group,3,Intermediate
217,No,Deep Learning,Yes,Dislike,Written,3,6,5,Yes,Highly Collaborating,5,Study Group,3,Intermediate
218,Yes,Computer Vision,Yes,Dislike,Written,3,5,6,No,Neutral,6,Peer Discussion,6,Intermediate
219,No,NLP,Yes,Enjoy Communicating,Written,10,6,3,No,Independent,5,Online,4,Intermediate
220,Yes,NLP,No,Enjoy Communicating,Written,9,4,3,No,Neutral,5,Online,3,Intermediate
221,No,Computer Vision,Yes,Dislike,Written,3,3,6,No,Neutral,4,Peer Discussion,4,Intermediate
222,No,Deep Learning,No,Neutral,Written,3,6,6,No,Neutral,6,Online,5,Intermediate
223,No,NLP,Yes,Neutral,Written,3,5,4,Yes,Independent,6,TextBook,3,Intermediate
224,No,Computer Vision,No,Enjoy Communicating,Verbal,6,6,5,Yes,Neutral,4,Online,4,Intermediate
225,Yes,NLP,No,Dislike,Written,7,3,3,Yes,Independent,3,Online,6,Intermediate
226,Yes,Computer Vision,Yes,Enjoy Communicating,Written,5,6,3,Yes,Neutral,6,Peer Discussion,3,Intermediate
227,No,Data Analysis,Yes,Dislike,Written,10,3,6,Yes,Neutral,4,Online,5,Intermediate
228,No,NLP,No,Enjoy Communicating,Written,4,4,5,Yes,Neutral,5,TextBook,6,Intermediate
229,No,Data Analysis,Yes,Dislike,Written,5,5,3,Yes,Highly Collaborating,5,Peer Discussion,4,Intermediate
230,No,Computer Vision,Yes,Dislike,Written,6,6,5,Yes,Highly Collaborating,3,TextBook,6,Intermediate
231,Yes,Deep Learning,Yes,Neutral,Written,9,3,6,Yes,Neutral,3,Online,6,Intermediate
232,No,Computer Vision,No,Enjoy Communicating,Verbal,6,5,5,Yes,Highly Collaborating,3,Study Group,5,Intermediate
233,No,Deep Learning,No,Enjoy Communicating,Written,10,4,6,No,Highly Collaborating,3,Peer Discussion,6,Intermediate
234,No,Deep Learning,Yes,Dislike,Written,7,6,6,No,Independent,3,Study Group,5,Intermediate
235,No,Data Analysis,Yes,Enjoy Communicating,Verbal,8,3,4,Yes,Independent,5,Peer Discussion,4,Intermediate
236,Yes,Data Analysis,Yes,Dislike,Verbal,4,3,6,No,Neutral,4,Study Group,3,Intermediate
237,Yes,NLP,No,Neutral,Verbal,9,6,3,No,Neutral,3,TextBook,5,Intermediate
238,Yes,NLP,No,Enjoy Communicating,Written,6,5,5,Yes,Neutral,4,TextBook,4,Intermediate
239,Yes,Computer Vision,Yes,Dislike,Verbal,6,6,3,No,Neutral,5,Peer Discussion,5,Intermediate
240,Yes,NLP,Yes,Neutral,Verbal,7,4,5,Yes,Neutral,3,Online,3,Intermediate
241,Yes,Data Analysis,No,Neutral,Verbal,10,6,4,No,Independent,4,TextBook,6,Intermediate
242,No,Computer Vision,No,Dislike,Written,7,6,5,Yes,Independent,4,Online,3,Intermediate
243,No,Deep Learning,No,Neutral,Verbal,5,5,6,Yes,Independent,4,Peer Discussion,6,Intermediate
244,No,NLP,Yes,Dislike,Written,2,3,4,No,Independent,6,Study Group,3,Intermediate
245,Yes,Computer Vision,Yes,Enjoy Communicating,Verbal,10,5,3,No,Independent,4,Online,3,Intermediate
246,No,NLP,Yes,Neutral,Verbal,2,3,4,No,Independent,4,TextBook,3,Intermediate
247,Yes,Computer Vision,No,Neutral,Written,8,6,4,Yes,Independent,6,Study Group,3,Intermediate
248,No,Computer Vision,Yes,Enjoy Communicating,Written,6,3,6,Yes,Independent,4,Study Group,6,Intermediate
249,No,Deep Learning,Yes,Neutral,Written,5,3,4,Yes,Independent,3,TextBook,5,Intermediate
0,No,NLP,No,Enjoy Communicating,Verbal,8,9,7,Yes,Neutral,7,Peer Discussion,9,Advanced
1,Yes,NLP,No,Enjoy Communicating,Written,8,8,8,Yes,Neutral,8,TextBook,7,Advanced
2,Yes,Data Analysis,Yes,Dislike,Verbal,7,8,9,Yes,Highly Collaborating,10,Online,9,Advanced
3,No,NLP,Yes,Enjoy Communicating,Verbal,2,8,9,Yes,Neutral,10,Study Group,8,Advanced
4,No,Data Analysis,Yes,Enjoy Communicating,Written,8,7,7,Yes,Independent,8,Online,7,Advanced
5,Yes,Data Analysis,Yes,Neutral,Written,4,10,9,Yes,Independent,10,Online,10,Advanced
6,No,Deep Learning,No,Neutral,Written,10,8,10,Yes,Neutral,9,Study Group,10,Advanced
7,No,Deep Learning,No,Dislike,Written,6,7,7,Yes,Highly Collaborating,7,TextBook,8,Advanced
8,Yes,NLP,Yes,Enjoy Communicating,Verbal,9,8,9,Yes,Neutral,7,TextBook,10,Advanced
9,Yes,Data Analysis,No,Enjoy Communicating,Written,8,7,8,Yes,Neutral,9,Study Group,10,Advanced
10,No,NLP,Yes,Neutral,Written,3,8,7,Yes,Neutral,7,Peer Discussion,8,Advanced
11,Yes,Data Analysis,Yes,Dislike,Verbal,9,7,8,Yes,Independent,10,Study Group,8,Advanced
12,Yes,NLP,Yes,Enjoy Communicating,Verbal,7,7,7,Yes,Neutral,9,TextBook,8,Advanced
13,Yes,Deep Learning,No,Dislike,Verbal,3,7,8,Yes,Independent,7,Study Group,8,Advanced
14,Yes,Computer Vision,No,Neutral,Verbal,7,7,9,Yes,Neutral,10,Peer Discussion,7,Advanced
15,No,Data Analysis,Yes,Enjoy Communicating,Verbal,8,8,8,Yes,Independent,9,Online,8,Advanced
16,Yes,NLP,Yes,Neutral,Written,5,10,8,Yes,Highly Collaborating,10,TextBook,9,Advanced
17,Yes,Computer Vision,Yes,Dislike,Written,3,9,7,Yes,Highly Collaborating,10,Study Group,9,Advanced
18,Yes,NLP,No,Dislike,Written,1,8,9,Yes,Highly Collaborating,7,Study Group,9,Advanced
19,Yes,Computer Vision,Yes,Neutral,Written,9,10,10,Yes,Independent,10,TextBook,9,Advanced
20,No,Data Analysis,Yes,Dislike,Written,8,8,10,Yes,Highly Collaborating,8,Peer Discussion,10,Advanced
21,No,Computer Vision,Yes,Neutral,Written,7,7,7,Yes,Neutral,7,Online,10,Advanced
22,Yes,Data Analysis,Yes,Dislike,Verbal,2,8,9,Yes,Highly Collaborating,8,Peer Discussion,10,Advanced
23,No,Data Analysis,Yes,Enjoy Communicating,Verbal,4,8,7,Yes,Highly Collaborating,10,Online,10,Advanced
24,No,NLP,Yes,Enjoy Communicating,Written,4,10,10,Yes,Highly Collaborating,8,Online,8,Advanced
25,No,NLP,Yes,Dislike,Written,4,10,9,Yes,Neutral,8,Peer Discussion,10,Advanced
26,No,Data Analysis,Yes,Dislike,Verbal,8,9,8,Yes,Highly Collaborating,7,Online,9,Advanced
27,No,Computer Vision,No,Dislike,Verbal,6,7,7,Yes,Independent,9,TextBook,8,Advanced
28,Yes,Deep Learning,No,Neutral,Verbal,1,9,9,Yes,Highly Collaborating,10,Peer Discussion,8,Advanced
29,No,Computer Vision,Yes,Dislike,Written,2,7,7,Yes,Independent,7,Study Group,8,Advanced
30,Yes,NLP,No,Neutral,Written,7,10,8,Yes,Neutral,9,Peer Discussion,7,Advanced
31,No,NLP,Yes,Enjoy Communicating,Written,2,9,7,Yes,Highly Collaborating,9,Study Group,10,Advanced
32,Yes,NLP,No,Enjoy Communicating,Verbal,2,8,9,Yes,Independent,9,TextBook,7,Advanced
33,No,NLP,Yes,Dislike,Written,8,9,9,Yes,Neutral,7,Study Group,10,Advanced
34,Yes,NLP,Yes,Dislike,Verbal,3,9,9,Yes,Highly Collaborating,10,Online,8,Advanced
35,Yes,Data Analysis,Yes,Enjoy Communicating,Verbal,7,8,10,Yes,Highly Collaborating,8,Peer Discussion,8,Advanced
36,No,Deep Learning,No,Neutral,Verbal,1,7,9,Yes,Highly Collaborating,10,Peer Discussion,8,Advanced
37,Yes,Data Analysis,Yes,Neutral,Written,10,7,10,Yes,Neutral,10,Study Group,9,Advanced
38,Yes,Deep Learning,Yes,Dislike,Verbal,6,9,9,Yes,Highly Collaborating,8,Study Group,9,Advanced
39,No,Computer Vision,No,Enjoy Communicating,Written,1,10,8,Yes,Independent,8,Study Group,7,Advanced
40,Yes,Data Analysis,Yes,Neutral,Written,3,9,9,Yes,Highly Collaborating,9,Online,8,Advanced
41,Yes,Deep Learning,No,Neutral,Verbal,8,10,7,Yes,Highly Collaborating,9,TextBook,8,Advanced
42,No,Deep Learning,No,Enjoy Communicating,Written,3,7,9,Yes,Neutral,7,Peer Discussion,9,Advanced
43,Yes,NLP,No,Dislike,Verbal,1,10,9,Yes,Highly Collaborating,10,Peer Discussion,10,Advanced
44,No,Data Analysis,No,Dislike,Written,10,7,7,Yes,Independent,10,Study Group,8,Advanced
45,Yes,Computer Vision,Yes,Dislike,Verbal,4,7,8,Yes,Highly Collaborating,8,TextBook,10,Advanced
46,Yes,Data Analysis,Yes,Enjoy Communicating,Written,1,10,10,Yes,Independent,8,Online,8,Advanced
47,Yes,Deep Learning,Yes,Neutral,Written,2,10,10,Yes,Highly Collaborating,9,TextBook,9,Advanced
48,Yes,Computer Vision,No,Enjoy Communicating,Written,2,10,7,Yes,Highly Collaborating,8,Online,9,Advanced
49,No,Computer Vision,Yes,Enjoy Communicating,Verbal,9,10,7,Yes,Independent,7,Study Group,8,Advanced
50,No,Deep Learning,Yes,Neutral,Written,9,7,8,Yes,Independent,8,Peer Discussion,9,Advanced
51,No,NLP,Yes,Dislike,Written,10,10,9,Yes,Highly Collaborating,7,Study Group,9,Advanced
52,Yes,Deep Learning,Yes,Enjoy Communicating,Written,10,7,9,Yes,Highly Collaborating,7,Peer Discussion,8,Advanced
53,Yes,Computer Vision,Yes,Enjoy Communicating,Verbal,6,8,9,Yes,Highly Collaborating,8,Study Group,7,Advanced
54,Yes,Data Analysis,No,Dislike,Verbal,10,7,8,Yes,Independent,7,Online,8,Advanced
55,Yes,Computer Vision,No,Neutral,Written,9,10,7,Yes,Independent,8,TextBook,8,Advanced
56,No,NLP,No,Dislike,Verbal,7,9,9,Yes,Independent,7,Online,7,Advanced
57,No,NLP,Yes,Neutral,Written,1,7,7,Yes,Neutral,8,Online,10,Advanced
58,Yes,Computer Vision,No,Neutral,Written,3,10,8,Yes,Highly Collaborating,7,Online,9,Advanced
59,No,NLP,No,Enjoy Communicating,Verbal,5,8,7,Yes,Independent,10,TextBook,8,Advanced
60,No,Data Analysis,Yes,Neutral,Verbal,7,7,9,Yes,Independent,10,Peer Discussion,10,Advanced
61,No,NLP,No,Neutral,Written,3,8,10,Yes,Neutral,10,Online,9,Advanced
62,Yes,Data Analysis,No,Dislike,Verbal,5,8,9,Yes,Neutral,8,Peer Discussion,7,Advanced
63,No,Computer Vision,No,Enjoy Communicating,Verbal,8,10,8,Yes,Highly Collaborating,10,Online,9,Advanced
64,No,Deep Learning,No,Enjoy Communicating,Verbal,9,8,9,Yes,Independent,9,TextBook,10,Advanced
65,No,NLP,Yes,Dislike,Written,7,7,7,Yes,Neutral,7,Study Group,8,Advanced
66,No,NLP,Yes,Enjoy Communicating,Written,7,7,8,Yes,Highly Collaborating,8,TextBook,10,Advanced
67,Yes,Deep Learning,No,Enjoy Communicating,Written,6,8,8,Yes,Highly Collaborating,8,Study Group,9,Advanced
68,No,Deep Learning,No,Enjoy Communicating,Verbal,5,8,8,Yes,Neutral,7,Study Group,8,Advanced
69,No,Computer Vision,No,Enjoy Communicating,Written,7,10,8,Yes,Neutral,9,Online,9,Advanced
70,No,NLP,Yes,Enjoy Communicating,Verbal,9,7,8,Yes,Independent,8,TextBook,8,Advanced
71,Yes,NLP,Yes,Dislike,Verbal,5,10,8,Yes,Neutral,10,Study Group,10,Advanced
72,Yes,Computer Vision,Yes,Enjoy Communicating,Written,7,7,9,Yes,Highly Collaborating,9,TextBook,10,Advanced
73,No,NLP,No,Dislike,Written,1,7,8,Yes,Independent,9,Online,7,Advanced
74,Yes,Deep Learning,No,Dislike,Verbal,8,7,9,Yes,Independent,10,Peer Discussion,9,Advanced
75,No,NLP,No,Neutral,Written,8,7,8,Yes,Highly Collaborating,7,Peer Discussion,9,Advanced
76,Yes,NLP,Yes,Dislike,Written,5,8,8,Yes,Neutral,8,Online,9,Advanced
77,Yes,Data Analysis,No,Dislike,Written,5,10,8,Yes,Highly Collaborating,8,Peer Discussion,9,Advanced
78,Yes,Deep Learning,No,Neutral,Written,6,8,9,Yes,Neutral,9,Peer Discussion,8,Advanced
79,Yes,Data Analysis,No,Neutral,Verbal,3,8,8,Yes,Independent,7,Study Group,8,Advanced
80,No,Computer Vision,No,Dislike,Written,2,8,10,Yes,Highly Collaborating,9,Online,8,Advanced
81,No,Data Analysis,Yes,Neutral,Verbal,7,8,10,Yes,Neutral,8,Online,7,Advanced
82,No,NLP,Yes,Neutral,Verbal,10,8,8,Yes,Independent,7,Online,10,Advanced
83,Yes,Computer Vision,Yes,Neutral,Written,6,8,8,Yes,Neutral,7,Online,9,Advanced
84,Yes,Data Analysis,No,Enjoy Communicating,Written,1,7,9,Yes,Neutral,10,Online,8,Advanced
85,No,Data Analysis,No,Neutral,Verbal,10,7,7,Yes,Independent,10,Online,10,Advanced
86,No,Computer Vision,No,Neutral,Verbal,7,9,8,Yes,Highly Collaborating,10,Online,10,Advanced
87,No,Data Analysis,Yes,Dislike,Verbal,9,10,10,Yes,Highly Collaborating,8,Peer Discussion,7,Advanced
88,No,Computer Vision,No,Dislike,Verbal,2,8,7,Yes,Highly Collaborating,8,Study Group,8,Advanced
89,No,NLP,Yes,Neutral,Written,10,9,9,Yes,Highly Collaborating,8,Online,10,Advanced
90,No,NLP,Yes,Neutral,Verbal,8,10,7,Yes,Independent,9,Peer Discussion,7,Advanced
91,Yes,Data Analysis,Yes,Dislike,Written,6,10,8,Yes,Highly Collaborating,7,TextBook,9,Advanced
92,No,Deep Learning,Yes,Enjoy Communicating,Verbal,9,7,8,Yes,Neutral,8,Online,7,Advanced
93,No,Computer Vision,Yes,Dislike,Written,5,9,8,Yes,Highly Collaborating,7,Study Group,7,Advanced
94,Yes,Deep Learning,No,Neutral,Written,10,8,10,Yes,Neutral,9,Peer Discussion,7,Advanced
95,No,Computer Vision,No,Neutral,Written,5,10,9,Yes,Highly Collaborating,8,Study Group,10,Advanced
96,No,Deep Learning,No,Neutral,Written,1,10,10,Yes,Neutral,7,TextBook,10,Advanced
97,Yes,Deep Learning,No,Enjoy Communicating,Written,1,9,10,Yes,Highly Collaborating,9,TextBook,10,Advanced
98,Yes,Data Analysis,No,Dislike,Verbal,10,9,10,Yes,Neutral,7,Peer Discussion,9,Advanced
99,No,Computer Vision,Yes,Enjoy Communicating,Written,9,7,7,Yes,Independent,9,Peer Discussion,9,Advanced
100,No,Computer Vision,No,Neutral,Verbal,4,7,9,Yes,Highly Collaborating,10,Study Group,7,Advanced
101,No,Data Analysis,No,Neutral,Written,4,8,8,Yes,Independent,10,Peer Discussion,7,Advanced
102,Yes,Deep Learning,Yes,Enjoy Communicating,Verbal,6,10,10,Yes,Independent,10,Study Group,10,Advanced
103,No,Deep Learning,Yes,Enjoy Communicating,Verbal,3,8,10,Yes,Independent,10,Study Group,7,Advanced
104,Yes,Deep Learning,No,Enjoy Communicating,Written,10,10,7,Yes,Independent,8,TextBook,7,Advanced
105,Yes,Computer Vision,Yes,Enjoy Communicating,Verbal,5,9,10,Yes,Highly Collaborating,7,Peer Discussion,10,Advanced
106,Yes,Data Analysis,Yes,Dislike,Verbal,10,8,10,Yes,Highly Collaborating,9,Study Group,10,Advanced
107,No,Data Analysis,Yes,Dislike,Written,2,7,8,Yes,Independent,8,Peer Discussion,10,Advanced
108,No,Computer Vision,Yes,Dislike,Written,1,9,9,Yes,Independent,9,TextBook,8,Advanced
109,Yes,Data Analysis,Yes,Neutral,Verbal,8,10,7,Yes,Highly Collaborating,7,Peer Discussion,7,Advanced
110,Yes,Computer Vision,No,Enjoy Communicating,Written,9,10,7,Yes,Independent,10,Peer Discussion,10,Advanced
111,Yes,Data Analysis,Yes,Dislike,Verbal,1,10,7,Yes,Highly Collaborating,7,Study Group,8,Advanced
112,Yes,NLP,No,Enjoy Communicating,Written,6,9,9,Yes,Highly Collaborating,9,TextBook,10,Advanced
113,Yes,Data Analysis,Yes,Enjoy Communicating,Written,10,8,8,Yes,Neutral,8,Online,9,Advanced
114,No,Data Analysis,Yes,Dislike,Written,4,7,7,Yes,Neutral,9,Peer Discussion,10,Advanced
115,Yes,Data Analysis,Yes,Neutral,Verbal,6,10,10,Yes,Independent,7,Peer Discussion,7,Advanced
116,Yes,NLP,No,Dislike,Written,4,8,9,Yes,Independent,7,Study Group,10,Advanced
117,No,Data Analysis,No,Dislike,Verbal,2,7,9,Yes,Independent,7,Online,9,Advanced
118,Yes,Deep Learning,No,Enjoy Communicating,Verbal,8,9,8,Yes,Independent,7,TextBook,8,Advanced
119,No,Data Analysis,Yes,Dislike,Verbal,10,7,9,Yes,Neutral,10,Peer Discussion,8,Advanced
120,No,NLP,Yes,Dislike,Written,8,10,9,Yes,Independent,9,Online,7,Advanced
121,No,Deep Learning,No,Enjoy Communicating,Written,4,9,10,Yes,Highly Collaborating,9,Peer Discussion,9,Advanced
122,Yes,Data Analysis,Yes,Enjoy Communicating,Written,4,10,8,Yes,Independent,9,TextBook,8,Advanced
123,Yes,Data Analysis,Yes,Enjoy Communicating,Written,6,7,9,Yes,Independent,7,Study Group,7,Advanced
124,Yes,Computer Vision,No,Dislike,Verbal,9,7,7,Yes,Neutral,7,TextBook,10,Advanced
125,No,Data Analysis,No,Neutral,Written,10,8,7,Yes,Neutral,7,TextBook,9,Advanced
126,No,Deep Learning,Yes,Enjoy Communicating,Written,9,7,7,Yes,Neutral,10,Online,10,Advanced
127,Yes,Deep Learning,No,Enjoy Communicating,Verbal,10,7,9,Yes,Neutral,7,Peer Discussion,7,Advanced
128,No,NLP,Yes,Enjoy Communicating,Written,3,7,8,Yes,Independent,8,TextBook,10,Advanced
129,Yes,Data Analysis,Yes,Dislike,Verbal,9,7,10,Yes,Independent,10,Study Group,7,Advanced
130,No,Data Analysis,No,Enjoy Communicating,Written,7,7,7,Yes,Neutral,10,Peer Discussion,8,Advanced
131,No,Computer Vision,Yes,Dislike,Written,1,7,7,Yes,Highly Collaborating,8,Online,7,Advanced
132,Yes,Deep Learning,Yes,Neutral,Written,8,9,7,Yes,Neutral,9,Study Group,8,Advanced
133,Yes,Computer Vision,Yes,Enjoy Communicating,Verbal,5,8,7,Yes,Independent,7,TextBook,7,Advanced
134,Yes,Computer Vision,No,Dislike,Verbal,6,10,8,Yes,Neutral,10,Peer Discussion,10,Advanced
135,No,NLP,Yes,Neutral,Written,6,8,9,Yes,Neutral,7,Peer Discussion,9,Advanced
136,Yes,Computer Vision,No,Neutral,Verbal,7,10,10,Yes,Highly Collaborating,7,Peer Discussion,9,Advanced
137,Yes,Data Analysis,No,Dislike,Verbal,5,9,9,Yes,Neutral,7,Online,7,Advanced
138,Yes,Computer Vision,Yes,Dislike,Verbal,8,10,9,Yes,Independent,9,Study Group,8,Advanced
139,Yes,Deep Learning,Yes,Neutral,Verbal,7,7,7,Yes,Independent,7,TextBook,8,Advanced
140,Yes,NLP,No,Dislike,Verbal,6,10,8,Yes,Neutral,7,Peer Discussion,8,Advanced
141,Yes,Computer Vision,No,Dislike,Written,10,8,9,Yes,Neutral,9,Study Group,9,Advanced
142,Yes,Data Analysis,Yes,Neutral,Written,10,8,7,Yes,Highly Collaborating,8,Study Group,10,Advanced
143,Yes,Deep Learning,Yes,Enjoy Communicating,Written,4,8,10,Yes,Neutral,9,Online,9,Advanced
144,Yes,NLP,Yes,Enjoy Communicating,Written,10,7,9,Yes,Independent,7,Online,9,Advanced
145,Yes,Data Analysis,No,Dislike,Verbal,2,7,7,Yes,Highly Collaborating,7,Study Group,10,Advanced
146,Yes,NLP,No,Enjoy Communicating,Written,3,8,7,Yes,Neutral,10,Peer Discussion,10,Advanced
147,Yes,NLP,No,Enjoy Communicating,Verbal,3,9,8,Yes,Independent,8,Peer Discussion,9,Advanced
148,Yes,Computer Vision,No,Neutral,Verbal,4,10,8,Yes,Independent,9,Online,8,Advanced
149,Yes,Computer Vision,No,Dislike,Written,9,8,7,Yes,Neutral,8,Study Group,8,Advanced
150,No,Deep Learning,No,Neutral,Verbal,3,8,7,Yes,Neutral,10,Peer Discussion,10,Advanced
151,No,Data Analysis,Yes,Enjoy Communicating,Verbal,4,10,8,Yes,Neutral,7,Study Group,10,Advanced
152,Yes,Computer Vision,Yes,Neutral,Written,9,7,9,Yes,Neutral,7,TextBook,9,Advanced
153,Yes,Computer Vision,No,Enjoy Communicating,Verbal,6,9,10,Yes,Highly Collaborating,8,Study Group,10,Advanced
154,No,Computer Vision,No,Dislike,Written,8,8,10,Yes,Highly Collaborating,10,Online,9,Advanced
155,No,Data Analysis,Yes,Neutral,Written,8,8,8,Yes,Neutral,7,Peer Discussion,8,Advanced
156,No,Deep Learning,No,Dislike,Written,4,10,8,Yes,Neutral,10,TextBook,7,Advanced
157,No,NLP,No,Neutral,Written,8,10,10,Yes,Neutral,7,TextBook,10,Advanced
158,Yes,NLP,Yes,Enjoy Communicating,Verbal,7,10,8,Yes,Independent,10,Study Group,10,Advanced
159,Yes,Data Analysis,Yes,Dislike,Verbal,8,7,7,Yes,Independent,9,Peer Discussion,8,Advanced
160,No,Data Analysis,Yes,Dislike,Verbal,4,9,9,Yes,Highly Collaborating,7,TextBook,7,Advanced
161,Yes,NLP,Yes,Neutral,Written,10,10,10,Yes,Neutral,7,Online,10,Advanced
162,No,Computer Vision,Yes,Enjoy Communicating,Verbal,4,7,7,Yes,Neutral,9,Online,7,Advanced
163,Yes,Deep Learning,Yes,Dislike,Written,8,9,7,Yes,Highly Collaborating,9,Peer Discussion,9,Advanced
164,Yes,NLP,No,Neutral,Written,7,10,7,Yes,Highly Collaborating,10,Peer Discussion,9,Advanced
165,No,Deep Learning,Yes,Enjoy Communicating,Verbal,8,10,8,Yes,Neutral,10,Study Group,10,Advanced
166,No,NLP,Yes,Enjoy Communicating,Verbal,1,9,8,Yes,Neutral,10,Study Group,9,Advanced
167,No,Deep Learning,No,Neutral,Written,3,9,7,Yes,Neutral,8,Study Group,7,Advanced
168,Yes,Deep Learning,No,Neutral,Written,6,7,8,Yes,Highly Collaborating,10,Study Group,7,Advanced
169,No,NLP,Yes,Enjoy Communicating,Written,2,7,8,Yes,Highly Collaborating,8,Peer Discussion,9,Advanced
170,No,Deep Learning,No,Neutral,Verbal,10,9,7,Yes,Neutral,7,Peer Discussion,8,Advanced
171,Yes,Deep Learning,No,Neutral,Verbal,4,8,9,Yes,Independent,10,Study Group,7,Advanced
172,Yes,NLP,No,Enjoy Communicating,Verbal,9,9,9,Yes,Neutral,9,Online,10,Advanced
173,No,Deep Learning,Yes,Neutral,Written,1,7,10,Yes,Highly Collaborating,9,Peer Discussion,9,Advanced
174,No,Computer Vision,Yes,Neutral,Written,1,8,8,Yes,Highly Collaborating,10,Study Group,9,Advanced
175,Yes,NLP,No,Enjoy Communicating,Written,3,10,7,Yes,Highly Collaborating,10,Online,10,Advanced
176,No,Deep Learning,Yes,Neutral,Verbal,1,7,7,Yes,Independent,7,Peer Discussion,8,Advanced
177,Yes,Deep Learning,No,Enjoy Communicating,Written,9,10,10,Yes,Neutral,9,Online,8,Advanced
178,Yes,NLP,No,Dislike,Written,3,7,10,Yes,Independent,10,TextBook,9,Advanced
179,No,Deep Learning,Yes,Dislike,Written,6,8,10,Yes,Neutral,10,Study Group,9,Advanced
180,Yes,Computer Vision,Yes,Enjoy Communicating,Written,7,7,7,Yes,Independent,7,Study Group,10,Advanced
181,No,Deep Learning,Yes,Enjoy Communicating,Verbal,4,8,8,Yes,Independent,8,Peer Discussion,8,Advanced
182,Yes,Data Analysis,Yes,Neutral,Verbal,9,8,8,Yes,Independent,9,Peer Discussion,8,Advanced
183,No,Computer Vision,No,Neutral,Verbal,7,10,8,Yes,Highly Collaborating,9,Study Group,8,Advanced
184,No,Data Analysis,No,Neutral,Written,7,8,10,Yes,Neutral,7,Peer Discussion,7,Advanced
185,No,NLP,No,Dislike,Verbal,9,7,10,Yes,Highly Collaborating,9,Online,9,Advanced
186,No,NLP,No,Dislike,Written,1,10,9,Yes,Independent,7,Online,8,Advanced
187,Yes,NLP,Yes,Enjoy Communicating,Written,7,10,10,Yes,Highly Collaborating,9,Study Group,10,Advanced
188,Yes,Computer Vision,Yes,Neutral,Written,5,10,10,Yes,Highly Collaborating,8,Peer Discussion,9,Advanced
189,No,Deep Learning,Yes,Dislike,Verbal,7,7,10,Yes,Neutral,9,Peer Discussion,9,Advanced
190,Yes,Computer Vision,Yes,Neutral,Verbal,3,9,8,Yes,Independent,10,Online,10,Advanced
191,Yes,NLP,No,Neutral,Written,10,10,9,Yes,Neutral,7,Online,9,Advanced
192,Yes,Data Analysis,No,Neutral,Verbal,10,7,9,Yes,Independent,9,Online,7,Advanced
193,No,Computer Vision,No,Enjoy Communicating,Verbal,2,10,10,Yes,Highly Collaborating,10,Study Group,7,Advanced
194,Yes,NLP,Yes,Enjoy Communicating,Written,9,9,9,Yes,Independent,9,TextBook,9,Advanced
195,No,Computer Vision,Yes,Dislike,Verbal,7,8,10,Yes,Highly Collaborating,7,Peer Discussion,9,Advanced
196,Yes,NLP,No,Neutral,Written,10,7,10,Yes,Independent,7,Study Group,10,Advanced
197,No,Data Analysis,Yes,Dislike,Verbal,8,7,9,Yes,Highly Collaborating,9,Study Group,10,Advanced
198,No,Deep Learning,Yes,Dislike,Verbal,3,9,7,Yes,Independent,10,Online,10,Advanced
199,Yes,NLP,No,Neutral,Written,1,9,10,Yes,Neutral,8,Online,8,Advanced
200,Yes,Computer Vision,No,Dislike,Written,2,7,9,Yes,Neutral,7,Online,8,Advanced
201,Yes,Deep Learning,No,Dislike,Written,9,7,10,Yes,Independent,7,TextBook,8,Advanced
202,Yes,NLP,Yes,Dislike,Verbal,4,10,7,Yes,Neutral,8,TextBook,7,Advanced
203,Yes,NLP,No,Dislike,Verbal,9,7,8,Yes,Highly Collaborating,7,Peer Discussion,9,Advanced
204,No,NLP,Yes,Neutral,Written,5,7,8,Yes,Independent,9,TextBook,9,Advanced
205,No,Data Analysis,No,Neutral,Verbal,4,8,7,Yes,Independent,7,TextBook,9,Advanced
206,Yes,NLP,Yes,Neutral,Verbal,7,9,9,Yes,Neutral,7,Peer Discussion,10,Advanced
207,No,Data Analysis,No,Neutral,Written,5,8,7,Yes,Neutral,9,Peer Discussion,10,Advanced
208,Yes,NLP,Yes,Dislike,Written,7,7,7,Yes,Independent,7,Study Group,9,Advanced
209,No,Data Analysis,No,Enjoy Communicating,Written,8,8,9,Yes,Independent,8,Peer Discussion,9,Advanced
210,No,NLP,Yes,Dislike,Written,2,7,9,Yes,Independent,7,Study Group,8,Advanced
211,Yes,Computer Vision,Yes,Neutral,Written,4,8,7,Yes,Neutral,7,TextBook,10,Advanced
212,Yes,NLP,Yes,Dislike,Verbal,3,10,10,Yes,Neutral,10,Study Group,8,Advanced
213,No,Data Analysis,Yes,Dislike,Written,3,10,10,Yes,Neutral,10,Online,8,Advanced
214,Yes,NLP,No,Dislike,Written,3,9,8,Yes,Neutral,10,Online,9,Advanced
215,No,Deep Learning,Yes,Neutral,Written,2,10,9,Yes,Independent,9,Peer Discussion,8,Advanced
216,No,Computer Vision,No,Neutral,Verbal,8,9,10,Yes,Highly Collaborating,10,Online,10,Advanced
217,Yes,Deep Learning,No,Enjoy Communicating,Written,1,8,9,Yes,Independent,8,Online,10,Advanced
218,Yes,NLP,Yes,Dislike,Written,2,10,8,Yes,Highly Collaborating,7,Study Group,10,Advanced
219,No,Computer Vision,Yes,Neutral,Written,3,10,9,Yes,Highly Collaborating,9,TextBook,8,Advanced
220,No,Data Analysis,No,Enjoy Communicating,Written,6,9,10,Yes,Independent,8,Online,9,Advanced
221,Yes,Computer Vision,Yes,Neutral,Verbal,8,7,10,Yes,Neutral,8,Study Group,7,Advanced
222,Yes,Data Analysis,No,Dislike,Written,9,7,8,Yes,Neutral,10,Peer Discussion,8,Advanced
223,No,Computer Vision,No,Enjoy Communicating,Written,9,10,9,Yes,Neutral,9,Online,9,Advanced
224,No,Computer Vision,No,Neutral,Verbal,1,9,7,Yes,Independent,8,Study Group,8,Advanced
225,Yes,NLP,Yes,Dislike,Written,9,8,8,Yes,Independent,9,Online,8,Advanced
226,Yes,Data Analysis,No,Enjoy Communicating,Written,7,9,8,Yes,Independent,8,Online,10,Advanced
227,Yes,NLP,No,Neutral,Verbal,3,9,10,Yes,Neutral,10,Online,7,Advanced
228,Yes,Deep Learning,Yes,Dislike,Written,10,8,10,Yes,Independent,10,Online,10,Advanced
229,No,Computer Vision,Yes,Enjoy Communicating,Verbal,5,7,10,Yes,Highly Collaborating,7,Peer Discussion,9,Advanced
230,Yes,Deep Learning,No,Enjoy Communicating,Verbal,6,9,9,Yes,Independent,10,TextBook,9,Advanced
231,No,NLP,No,Neutral,Written,4,9,9,Yes,Neutral,7,TextBook,10,Advanced
232,Yes,NLP,Yes,Dislike,Written,6,9,10,Yes,Neutral,10,TextBook,7,Advanced
233,No,Data Analysis,No,Dislike,Written,9,10,10,Yes,Neutral,10,Online,7,Advanced
234,No,NLP,No,Enjoy Communicating,Written,5,8,8,Yes,Independent,7,Online,8,Advanced
235,No,NLP,No,Neutral,Written,10,9,9,Yes,Neutral,7,Study Group,8,Advanced
236,No,Deep Learning,Yes,Enjoy Communicating,Written,6,9,10,Yes,Independent,10,Online,7,Advanced
237,No,Data Analysis,Yes,Neutral,Written,10,10,10,Yes,Neutral,10,Online,8,Advanced
238,No,NLP,No,Dislike,Verbal,3,8,8,Yes,Neutral,7,Online,7,Advanced
239,No,Computer Vision,No,Dislike,Verbal,4,8,7,Yes,Highly Collaborating,9,Peer Discussion,8,Advanced
240,Yes,Computer Vision,No,Neutral,Written,6,9,7,Yes,Neutral,9,Study Group,7,Advanced
241,No,NLP,Yes,Enjoy Communicating,Written,1,10,7,Yes,Highly Collaborating,10,Peer Discussion,7,Advanced
242,No,Deep Learning,No,Neutral,Verbal,3,9,8,Yes,Highly Collaborating,7,Online,7,Advanced
243,Yes,Data Analysis,Yes,Dislike,Written,1,7,7,Yes,Highly Collaborating,10,TextBook,9,Advanced
244,No,Data Analysis,Yes,Enjoy Communicating,Written,1,10,7,Yes,Independent,9,Study Group,10,Advanced
245,No,Computer Vision,Yes,Dislike,Written,1,7,8,Yes,Neutral,7,Study Group,8,Advanced
246,Yes,Computer Vision,No,Neutral,Written,9,8,7,Yes,Neutral,7,Peer Discussion,7,Advanced
247,No,NLP,Yes,Neutral,Written,5,10,8,Yes,Neutral,10,TextBook,7,Advanced
248,Yes,NLP,No,Neutral,Verbal,3,7,10,Yes,Highly Collaborating,8,Peer Discussion,9,Advanced
249,Yes,Deep Learning,Yes,Neutral,Written,4,8,9,Yes,Neutral,8,Study Group,9,Advanced
